epoch,step,test_acc,test_loss
0,0,0.46790000796318054,1.8638359308242798
