epoch,step,test_acc,test_loss
0,0,0.19869999587535858,2.7276432514190674
