epoch,step,test_acc,test_loss
0,0,0.8817999958992004,0.4008176922798157
