epoch,step,test_acc,test_loss
0,0,0.8970999717712402,0.34722524881362915
