epoch,step,test_acc,test_loss
0,0,0.7731999754905701,0.7905762791633606
