epoch,step,test_acc,test_loss
0,0,0.3594000041484833,2.6034979820251465
